{"n_iters": 10000, "Macro ROC AUC": {"value": 0.7573685809804125, "mean": 0.7573842932869349, "median": 0.7573763591255097, "std": 0.002304598814029807, "2.5% percentile": 0.7528520529176091, "97.5% percentile": 0.7619186728700879}, "Micro ROC AUC": {"value": 0.8111244870383596, "mean": 0.8111386864355111, "median": 0.8111254464765626, "std": 0.001749552114011803, "2.5% percentile": 0.8077021819777492, "97.5% percentile": 0.8145452188596991}, "Weighted ROC AUC": {"value": 0.7446138781368177, "mean": 0.7446405478794321, "median": 0.7446421159559533, "std": 0.0022766038865819917, "2.5% percentile": 0.7401429404715147, "97.5% percentile": 0.7490607807018663}, "ROC AUC of task 1": {"value": 0.7990553165008462, "mean": 0.79913828538292, "median": 0.7991988271420911, "std": 0.0063389915477951395, "2.5% percentile": 0.7865904992120262, "97.5% percentile": 0.8111707385659876}, "ROC AUC of task 2": {"value": 0.9111042117515903, "mean": 0.911228030949306, "median": 0.9114172291779157, "std": 0.00817259886134226, "2.5% percentile": 0.8944617005552512, "97.5% percentile": 0.9266076711555834}, "ROC AUC of task 3": {"value": 0.7248050926634609, "mean": 0.7248380384898739, "median": 0.7250124996651258, "std": 0.009885016521793077, "2.5% percentile": 0.705265443071444, "97.5% percentile": 0.7437954704455417}, "ROC AUC of task 4": {"value": 0.6656777947350552, "mean": 0.6656182542609564, "median": 0.6656459828302439, "std": 0.007178929543688257, "2.5% percentile": 0.6515511241818253, "97.5% percentile": 0.6796335518032826}, "ROC AUC of task 5": {"value": 0.7586712460185481, "mean": 0.7588243281441388, "median": 0.7588920597101835, "std": 0.008550108950991899, "2.5% percentile": 0.7420164931651015, "97.5% percentile": 0.7752880877272661}, "ROC AUC of task 6": {"value": 0.6748638646649996, "mean": 0.675077751823621, "median": 0.6750488953159091, "std": 0.010248774965271204, "2.5% percentile": 0.654778618393341, "97.5% percentile": 0.69475894084907}, "ROC AUC of task 7": {"value": 0.6991888394664799, "mean": 0.6992354257925185, "median": 0.6992419667924051, "std": 0.008077488340515969, "2.5% percentile": 0.6833022316708823, "97.5% percentile": 0.7149511187104053}, "ROC AUC of task 8": {"value": 0.7090595823889099, "mean": 0.7087844457994172, "median": 0.7087503210115674, "std": 0.012259864924767924, "2.5% percentile": 0.6849127192158748, "97.5% percentile": 0.732708705749535}, "ROC AUC of task 9": {"value": 0.7385416206128665, "mean": 0.7385404694653575, "median": 0.7386312141751759, "std": 0.006795044409196704, "2.5% percentile": 0.7249873234419787, "97.5% percentile": 0.7515067066702024}, "ROC AUC of task 10": {"value": 0.7743585602056455, "mean": 0.7744121997533016, "median": 0.7744348252749538, "std": 0.006209559896338503, "2.5% percentile": 0.7620485804089389, "97.5% percentile": 0.7864797964670077}, "ROC AUC of task 11": {"value": 0.8624182598378132, "mean": 0.8623877204093536, "median": 0.8625055344177619, "std": 0.00783647625844471, "2.5% percentile": 0.8468038501000049, "97.5% percentile": 0.8775580172434934}, "ROC AUC of task 12": {"value": 0.7777589883096832, "mean": 0.7778896136742219, "median": 0.7780822524125675, "std": 0.007024504524078824, "2.5% percentile": 0.7642328636632232, "97.5% percentile": 0.7913630161349494}, "ROC AUC of task 13": {"value": 0.7145490426054697, "mean": 0.7145481793464115, "median": 0.7145709602559032, "std": 0.0070521465366494675, "2.5% percentile": 0.7005948613336982, "97.5% percentile": 0.7285380072353875}, "ROC AUC of task 14": {"value": 0.6609463755617424, "mean": 0.6610165168073847, "median": 0.6610894689748275, "std": 0.006889039692972196, "2.5% percentile": 0.6472316167499191, "97.5% percentile": 0.6742074705147159}, "ROC AUC of task 15": {"value": 0.7345313640082252, "mean": 0.7345197468949067, "median": 0.7345543500543643, "std": 0.006979652640218244, "2.5% percentile": 0.7206698224388401, "97.5% percentile": 0.7482699988079605}, "ROC AUC of task 16": {"value": 0.724646436836089, "mean": 0.7246657849456009, "median": 0.7247747256113733, "std": 0.010473075615792377, "2.5% percentile": 0.7040636162294115, "97.5% percentile": 0.7447667708484634}, "ROC AUC of task 17": {"value": 0.7391479331730193, "mean": 0.7393251219819257, "median": 0.7393774148697871, "std": 0.008796784277934342, "2.5% percentile": 0.7218970275596774, "97.5% percentile": 0.7561831070771755}, "ROC AUC of task 18": {"value": 0.7335115139329584, "mean": 0.733462449256264, "median": 0.7333837614348262, "std": 0.010649991248878882, "2.5% percentile": 0.7126425999553535, "97.5% percentile": 0.75428128691428}, "ROC AUC of task 19": {"value": 0.6875359480541704, "mean": 0.6875135125682001, "median": 0.6877226388565527, "std": 0.014960351140933213, "2.5% percentile": 0.6578179434306373, "97.5% percentile": 0.7166476566765619}, "ROC AUC of task 20": {"value": 0.7628092175462297, "mean": 0.762820548165873, "median": 0.7629676848850442, "std": 0.015909267340884586, "2.5% percentile": 0.7313961064942005, "97.5% percentile": 0.7930867837873438}, "ROC AUC of task 21": {"value": 0.6933735143321446, "mean": 0.6933292812454875, "median": 0.6934547915036668, "std": 0.011041578711981196, "2.5% percentile": 0.6715679201726201, "97.5% percentile": 0.7143993037243908}, "ROC AUC of task 22": {"value": 0.7985146929297783, "mean": 0.7984831295446163, "median": 0.7985097376212471, "std": 0.007953377287501028, "2.5% percentile": 0.7826812892238514, "97.5% percentile": 0.8137854585033657}, "ROC AUC of task 23": {"value": 0.8960227163915617, "mean": 0.8958836425181176, "median": 0.8960041747209004, "std": 0.004915573924515264, "2.5% percentile": 0.8861743356895114, "97.5% percentile": 0.9054665814809071}, "ROC AUC of task 24": {"value": 0.8297800327678241, "mean": 0.8297595299555341, "median": 0.8296694940167189, "std": 0.006941622490519222, "2.5% percentile": 0.816131293607646, "97.5% percentile": 0.8432757531652526}, "ROC AUC of task 25": {"value": 0.8633423592152019, "mean": 0.8633053249980643, "median": 0.8634859853241199, "std": 0.007982064524627462, "2.5% percentile": 0.8474718011961809, "97.5% percentile": 0.8787265134632883}}