{
  "n_iters": 10000,
  "Macro ROC AUC": {
    "value": 0.6686686158930004,
    "mean": 0.6686686158930006,
    "median": 0.6686686158930004,
    "std": 2.220446049250313e-16,
    "2.5% percentile": 0.6686686158930004,
    "97.5% percentile": 0.6686686158930004
  },
  "Micro ROC AUC": {
    "value": 0.7429878491770991,
    "mean": 0.7429878491770994,
    "median": 0.7429878491770991,
    "std": 2.220446049250313e-16,
    "2.5% percentile": 0.7429878491770991,
    "97.5% percentile": 0.7429878491770991
  },
  "Weighted ROC AUC": {
    "value": 0.7407964860969315,
    "mean": 0.7407964860969313,
    "median": 0.7407964860969315,
    "std": 2.220446049250313e-16,
    "2.5% percentile": 0.7407964860969315,
    "97.5% percentile": 0.7407964860969315
  },
  "ROC AUC of task 1": {
    "value": 0.9162946428571428,
    "mean": 0.9161938751217367,
    "median": 0.9163157754769166,
    "std": 0.00883883173302885,
    "2.5% percentile": 0.8989010989010989,
    "97.5% percentile": 0.9332579185520362
  },
  "ROC AUC of task 2": {
    "value": 0.5,
    "mean": 0.5,
    "median": 0.5,
    "std": 0.0,
    "2.5% percentile": 0.5,
    "97.5% percentile": 0.5
  },
  "ROC AUC of task 3": {
    "value": 0.5,
    "mean": 0.5,
    "median": 0.5,
    "std": 0.0,
    "2.5% percentile": 0.5,
    "97.5% percentile": 0.5
  },
  "ROC AUC of task 4": {
    "value": 0.9502643171806168,
    "mean": 0.9502955617602689,
    "median": 0.950362573724973,
    "std": 0.005599492019394338,
    "2.5% percentile": 0.9391169144198213,
    "97.5% percentile": 0.9610089401816909
  },
  "ROC AUC of task 5": {
    "value": 0.8547309960587047,
    "mean": 0.8546910766775078,
    "median": 0.8547929486524631,
    "std": 0.008418617380895816,
    "2.5% percentile": 0.837724216344083,
    "97.5% percentile": 0.8708791208791209
  },
  "ROC AUC of task 6": {
    "value": 0.5257936507936508,
    "mean": 0.5257411604696519,
    "median": 0.5254237288135594,
    "std": 0.00700662504491923,
    "2.5% percentile": 0.5128191489361702,
    "97.5% percentile": 0.5404255319148936
  },
  "ROC AUC of task 7": {
    "value": 0.5149425287356322,
    "mean": 0.5148712520156041,
    "median": 0.5151388050038832,
    "std": 0.014399945234576366,
    "2.5% percentile": 0.4861933573171233,
    "97.5% percentile": 0.54266447749886
  },
  "ROC AUC of task 8": {
    "value": 0.5,
    "mean": 0.5,
    "median": 0.5,
    "std": 0.0,
    "2.5% percentile": 0.5,
    "97.5% percentile": 0.5
  },
  "ROC AUC of task 9": {
    "value": 0.9959839357429718,
    "mean": 0.9959476592969433,
    "median": 0.9960238568588469,
    "std": 0.0020038184797000805,
    "2.5% percentile": 0.991701244813278,
    "97.5% percentile": 0.9990328820116054
  },
  "ROC AUC of task 10": {
    "value": 0.8881453154875717,
    "mean": 0.8880107975539686,
    "median": 0.8881118252954328,
    "std": 0.009168354488215333,
    "2.5% percentile": 0.8697309299895507,
    "97.5% percentile": 0.9059500959692899
  },
  "ROC AUC of task 11": {
    "value": 0.7917504452231862,
    "mean": 0.7916771054811536,
    "median": 0.7917615633774292,
    "std": 0.01743732842946787,
    "2.5% percentile": 0.7572448156853221,
    "97.5% percentile": 0.8251726270380769
  },
  "ROC AUC of task 12": {
    "value": 0.5,
    "mean": 0.5,
    "median": 0.5,
    "std": 0.0,
    "2.5% percentile": 0.5,
    "97.5% percentile": 0.5
  },
  "ROC AUC of task 13": {
    "value": 0.9601518026565465,
    "mean": 0.9601680046983385,
    "median": 0.9603960396039604,
    "std": 0.005985526457253461,
    "2.5% percentile": 0.9479371316306484,
    "97.5% percentile": 0.9714842425379326
  },
  "ROC AUC of task 14": {
    "value": 0.9983940042826552,
    "mean": 0.9983765215911224,
    "median": 0.998402555910543,
    "std": 0.0009307986739805706,
    "2.5% percentile": 0.9962686567164178,
    "97.5% percentile": 1.0
  },
  "ROC AUC of task 15": {
    "value": 0.5,
    "mean": 0.5,
    "median": 0.5,
    "std": 0.0,
    "2.5% percentile": 0.5,
    "97.5% percentile": 0.5
  },
  "ROC AUC of task 16": {
    "value": 0.5036231884057971,
    "mean": 0.5036502592132084,
    "median": 0.5035460992907801,
    "std": 0.0036126141240988164,
    "2.5% percentile": 0.5,
    "97.5% percentile": 0.512
  },
  "ROC AUC of task 17": {
    "value": 0.823699421965318,
    "mean": 0.8236437940367192,
    "median": 0.8238636363636364,
    "std": 0.01292892513342497,
    "2.5% percentile": 0.7980225988700564,
    "97.5% percentile": 0.8487403544524076
  },
  "ROC AUC of task 18": {
    "value": 0.5,
    "mean": 0.5,
    "median": 0.5,
    "std": 0.0,
    "2.5% percentile": 0.5,
    "97.5% percentile": 0.5
  },
  "ROC AUC of task 19": {
    "value": 0.555954948478313,
    "mean": 0.5556825041500043,
    "median": 0.5554569200549092,
    "std": 0.01815561654802619,
    "2.5% percentile": 0.5211256867519065,
    "97.5% percentile": 0.5929786724179248
  },
  "ROC AUC of task 20": {
    "value": 0.5,
    "mean": 0.5, "median": 0.5,
    "std": 0.0,
    "2.5% percentile": 0.5,
    "97.5% percentile": 0.5
  },
  "ROC AUC of task 21": {
    "value": 0.5,
    "mean": 0.5,
    "median": 0.5,
    "std": 0.0,
    "2.5% percentile": 0.5,
    "97.5% percentile": 0.5
  },
  "ROC AUC of task 22": {
    "value": 0.8026819923371648,
    "mean": 0.8028156984994149,
    "median": 0.803030303030303,
    "std": 0.015323440463790102,
    "2.5% percentile": 0.772373540856031,
    "97.5% percentile": 0.8327339729639774
  },
  "ROC AUC of task 23": {
    "value": 0.5,
    "mean": 0.5,
    "median": 0.5,
    "std": 0.0,
    "2.5% percentile": 0.5,
    "97.5% percentile": 0.5
  },
  "ROC AUC of task 24": {
    "value": 0.6343042071197411,
    "mean": 0.6341778675285228,
    "median": 0.6339285714285714,
    "std": 0.012536172271769066,
    "2.5% percentile": 0.6097551418304151,
    "97.5% percentile": 0.6586831456540843
  },
  "ROC AUC of task 25": {
    "value": 0.5,
    "mean": 0.5,
    "median": 0.5,
    "std": 0.0,
    "2.5% percentile": 0.5,
    "97.5% percentile": 0.5
  }
}