{"n_iters": 10000, "Macro ROC AUC": {"value": 0.603702636208449, "mean": 0.603702636208449, "median": 0.603702636208449, "std": 0.0, "2.5% percentile": 0.603702636208449, "97.5% percentile": 0.603702636208449}, "Micro ROC AUC": {"value": 0.6842064412589001, "mean": 0.6842064412588998, "median": 0.6842064412589001, "std": 2.220446049250313e-16, "2.5% percentile": 0.6842064412589001, "97.5% percentile": 0.6842064412589001}, "Weighted ROC AUC": {"value": 0.6397778888836907, "mean": 0.6397778888836907, "median": 0.6397778888836907, "std": 0.0, "2.5% percentile": 0.6397778888836907, "97.5% percentile": 0.6397778888836907}, "ROC AUC of task 1": {"value": 0.7510509540670425, "mean": 0.7511507924796874, "median": 0.7511344880822979, "std": 0.007291438305215256, "2.5% percentile": 0.7369509923556605, "97.5% percentile": 0.76544888769533}, "ROC AUC of task 2": {"value": 0.6771051812461637, "mean": 0.6769500779454812, "median": 0.6770124860100659, "std": 0.012691438184663829, "2.5% percentile": 0.6522830819624539, "97.5% percentile": 0.7019434270508559}, "ROC AUC of task 3": {"value": 0.7255733304369414, "mean": 0.7256132459187691, "median": 0.7255716514332845, "std": 0.010075582992784562, "2.5% percentile": 0.7059418771763302, "97.5% percentile": 0.7453163054940016}, "ROC AUC of task 4": {"value": 0.6250813569260697, "mean": 0.6251228834699414, "median": 0.6250772385100355, "std": 0.007388090892603299, "2.5% percentile": 0.6105035829846097, "97.5% percentile": 0.6397297059529756}, "ROC AUC of task 5": {"value": 0.5113322317307036, "mean": 0.5113497802161012, "median": 0.5112789249056019, "std": 0.003433911838976175, "2.5% percentile": 0.5049114428877253, "97.5% percentile": 0.5183370986057146}, "ROC AUC of task 6": {"value": 0.5007454678064147, "mean": 0.5007269994826221, "median": 0.5006333350270278, "std": 0.0011663919988106745, "2.5% percentile": 0.4988803184871859, "97.5% percentile": 0.5033109365276608}, "ROC AUC of task 7": {"value": 0.5539706704778475, "mean": 0.5540230266082086, "median": 0.5539714169323446, "std": 0.005210197636342878, "2.5% percentile": 0.5439011466792598, "97.5% percentile": 0.564355547806291}, "ROC AUC of task 8": {"value": 0.5, "mean": 0.5, "median": 0.5, "std": 0.0, "2.5% percentile": 0.5, "97.5% percentile": 0.5}, "ROC AUC of task 9": {"value": 0.8024305773316458, "mean": 0.802420718095729, "median": 0.8024132577188924, "std": 0.006351896508182208, "2.5% percentile": 0.7898403130746985, "97.5% percentile": 0.8148012744278197}, "ROC AUC of task 10": {"value": 0.8000244904081187, "mean": 0.8000404782198391, "median": 0.8000940435547601, "std": 0.006158599551859278, "2.5% percentile": 0.7876549950326858, "97.5% percentile": 0.8118314716118177}, "ROC AUC of task 11": {"value": 0.5, "mean": 0.5, "median": 0.5, "std": 0.0, "2.5% percentile": 0.5, "97.5% percentile": 0.5}, "ROC AUC of task 12": {"value": 0.5564646401440331, "mean": 0.556708764281053, "median": 0.5567157155074665, "std": 0.007254234734298219, "2.5% percentile": 0.5426266944596786, "97.5% percentile": 0.5708576668183735}, "ROC AUC of task 13": {"value": 0.6997624681200477, "mean": 0.69965566671554, "median": 0.6996853072374536, "std": 0.007056080552611465, "2.5% percentile": 0.6858632951880235, "97.5% percentile": 0.7136171435860708}, "ROC AUC of task 14": {"value": 0.6603641812667703, "mean": 0.6603993359407831, "median": 0.660376286363481, "std": 0.005159447286765181, "2.5% percentile": 0.6502729445397833, "97.5% percentile": 0.6704858301493608}, "ROC AUC of task 15": {"value": 0.6021801929007841, "mean": 0.6021312883909541, "median": 0.6021598859889608, "std": 0.006391826218137931, "2.5% percentile": 0.5895702324244866, "97.5% percentile": 0.6147843156963181}, "ROC AUC of task 16": {"value": 0.5061124753639988, "mean": 0.5060995861224262, "median": 0.5059459372121956, "std": 0.0034703044666891123, "2.5% percentile": 0.49984883890911036, "97.5% percentile": 0.5133545140132181}, "ROC AUC of task 17": {"value": 0.5149320366045105, "mean": 0.514898382067828, "median": 0.5148211667905028, "std": 0.0035206369711970782, "2.5% percentile": 0.5083820593786951, "97.5% percentile": 0.5220390117435995}, "ROC AUC of task 18": {"value": 0.5359405123265789, "mean": 0.5358419967701998, "median": 0.5357084312697912, "std": 0.0061385683554595815, "2.5% percentile": 0.5243005348977153, "97.5% percentile": 0.5480142914008433}, "ROC AUC of task 19": {"value": 0.5, "mean": 0.5, "median": 0.5, "std": 0.0, "2.5% percentile": 0.5, "97.5% percentile": 0.5}, "ROC AUC of task 20": {"value": 0.5, "mean": 0.5, "median": 0.5, "std": 0.0, "2.5% percentile": 0.5, "97.5% percentile": 0.5}, "ROC AUC of task 21": {"value": 0.49951760733236855, "mean": 0.4995157803195175, "median": 0.4995185363505055, "std": 0.00024253876517685643, "2.5% percentile": 0.4990281827016521, "97.5% percentile": 0.4998802681992337}, "ROC AUC of task 22": {"value": 0.505376877186882, "mean": 0.5053718495238408, "median": 0.5052530801339391, "std": 0.0026681229892514236, "2.5% percentile": 0.5004495854646066, "97.5% percentile": 0.510878827775472}, "ROC AUC of task 23": {"value": 0.726802574873805, "mean": 0.726849496152268, "median": 0.7267793175887676, "std": 0.008209832247773137, "2.5% percentile": 0.710653671191642, "97.5% percentile": 0.7429192244528217}, "ROC AUC of task 24": {"value": 0.74969913989405, "mean": 0.7497302846696435, "median": 0.7498496141089177, "std": 0.008974534149929604, "2.5% percentile": 0.7319803369637827, "97.5% percentile": 0.7671201769389885}, "ROC AUC of task 25": {"value": 0.5880989387664474, "mean": 0.5880454452787597, "median": 0.587897714769445, "std": 0.008723167894951717, "2.5% percentile": 0.5715763382159045, "97.5% percentile": 0.6053506043800064}}